trial,value_accuracy,state,max_depth,learning_rate,n_estimators,subsample,colsample_bytree,min_child_weight,reg_lambda,gamma
0,0.7873057754324245,COMPLETE,5,0.11387317092169064,522,0.8179532731987588,0.3965583595372333,7,0.0562793204741517,4.4588650039103985
1,0.8066549399003224,COMPLETE,8,0.036845938035010996,654,0.8115579679011617,0.49763119276575263,10,0.0019237305096546497,0.43564649850770354
2,0.7571093520961595,COMPLETE,2,0.16977763163336626,645,0.9480048592987277,0.7850328395629348,8,0.07013219779945795,3.902645881432277
3,0.728378774552917,COMPLETE,2,0.088153780513692,200,0.9778675668198336,0.46529382522505025,5,0.011434638743472197,3.871168447171083
4,0.7480211081794196,COMPLETE,5,0.06912670683424535,113,0.8470541988303508,0.5284670059056951,7,5.956516018710568,3.409101495517417
5,0.768249780123131,COMPLETE,4,0.04421291893432151,589,0.624090188651708,0.5667367008119675,7,0.0069427294924301495,0.6446314882742665
6,0.757988859571973,COMPLETE,4,0.03445441737078129,499,0.7754406053849281,0.7918616866414584,2,0.006847105576684045,0.8065475894249813
7,0.7632659044268543,COMPLETE,6,0.023666956347875266,426,0.6977702368006411,0.21127870855186381,2,0.4220057397195018,0.690914756743069
8,0.7531515684549985,COMPLETE,3,0.035047075708368194,675,0.6388405103172244,0.6865614352491628,1,8.050778165087026,2.343256008238508
9,0.8147170917619466,COMPLETE,8,0.07824023983213262,618,0.6156751169017283,0.29796487380348674,2,0.015295398277813725,0.5936385947712203
10,0.7865728525359132,COMPLETE,8,0.2695724857144508,767,0.7274015140552499,0.11940588527357832,4,1.2109191793343361,2.197648512571376
11,0.7780709469363823,COMPLETE,8,0.018422009847825556,384,0.9045222509150943,0.3173208037299223,10,0.0010725178878311676,0.0029287747147269116
12,0.7719143946056874,COMPLETE,7,0.010192182552899269,763,0.7367627541968083,0.32297528811995946,10,0.0010644791576011985,1.6145647552125018
13,0.792143066549399,COMPLETE,7,0.06868615771661245,329,0.8639561577760836,0.2664960435833937,4,0.018738016281222604,1.3882755642020357
14,0.8087071240105541,COMPLETE,7,0.15152235122294114,609,0.6815749336135571,0.6050434691339983,3,0.0029812184112000127,0.08027493212229575
15,0.8003518029903254,COMPLETE,7,0.14531954397109,544,0.6692305902654332,0.599688905523549,3,0.02594122937660612,1.4440501289796248
16,0.7851070067428907,COMPLETE,6,0.2671298949088818,705,0.6068228630536949,0.6463352248336388,1,0.0034158797656896763,2.8847046155764966
17,0.7988859571973028,COMPLETE,6,0.19157778871583314,588,0.6799366764430318,0.40190969299384993,3,0.22560801515186207,0.14624642095442827
18,0.7956610964526531,COMPLETE,7,0.10770670390193114,458,0.7458848874425819,0.10141175257634438,5,0.0034228902950616796,1.1665589870895996
19,0.7999120492524187,COMPLETE,8,0.05954753374928612,316,0.6551715380112733,0.7044282687097682,3,0.03916643710205593,1.9765783847181604
20,0.8053356786866022,COMPLETE,6,0.0958257456766866,795,0.7031250274215224,0.4079718327649219,2,0.1831261073581946,2.896524271345742
21,0.8059220170038112,COMPLETE,8,0.049431726395114506,628,0.8013317409529803,0.4940777858224502,9,0.002652405702969833,0.5227919883517851
22,0.8046027557900909,COMPLETE,8,0.024439294790984067,716,0.6018477468523291,0.5778448785563998,6,0.002379982067599723,0.27373826275097923
23,0.8087071240105541,COMPLETE,7,0.13528318165787764,569,0.7695461306346337,0.19787282336548784,4,0.009747468378520686,1.0306005861378562
24,0.8025505716798593,COMPLETE,7,0.13684993708978774,570,0.7697673873077364,0.23129292145466446,4,0.010530463683748482,0.8949161327821089
25,0.7922896511287013,COMPLETE,7,0.19535112840506585,488,0.649862684404573,0.19705255215794829,3,0.02106172146264844,1.026465858153566
26,0.7977132805628848,COMPLETE,6,0.07546144426961386,612,0.7060340911891372,0.3304380484562399,1,0.005466794498540892,1.8000979655202045
27,0.801817648783348,COMPLETE,7,0.13172392362243218,427,0.773332470070013,0.2809270218634605,5,0.014452687003372136,0.0222031983719142
28,0.7852535913221929,COMPLETE,5,0.21703703996460696,574,0.6779366455101326,0.16185121585816242,2,0.12725121723228494,1.402739560197673
29,0.7930225740252126,COMPLETE,5,0.11323264219303615,533,0.8342378869229876,0.39043639306038225,6,0.05036332712359459,1.0931317315985152
30,0.8116388155965992,COMPLETE,8,0.15019980835186156,701,0.6336721145495964,0.15021841550789802,4,0.02994335565057299,0.3844446086260787
31,0.8025505716798593,COMPLETE,8,0.1674583691917511,711,0.6306679081053469,0.13873758267123884,4,0.024963815962319245,0.4630706860155466
32,0.8128114922310173,COMPLETE,8,0.08655839109537977,671,0.6000334036366115,0.2553170371569364,3,0.005454163283943629,0.4068908983138961
33,0.8098798006449721,COMPLETE,8,0.08400942971147585,674,0.6179419809224936,0.2777150793872391,3,0.004300673981439164,0.3465714179622538
34,0.810905892700088,COMPLETE,8,0.0832959591466686,663,0.617660010944031,0.247518142656104,2,0.07717013390675091,0.3998389904611362
35,0.7908238053356786,COMPLETE,8,0.06121324890414517,740,0.6467573188182157,0.17011180591747554,2,0.08272232603224099,4.696789657998532
36,0.8060686015831134,COMPLETE,8,0.10010606458793642,649,0.6031648135928327,0.24367938898919994,1,0.42748552187502675,0.5019770279895039
37,0.7934623277631193,COMPLETE,8,0.04407170613871779,668,0.6263270800461732,0.35460122065096256,2,0.04907647658232277,3.8997408337377784
38,0.7785107006742891,COMPLETE,4,0.08333991190533191,789,0.6621534671488036,0.16763093598338707,2,0.03274043434625125,0.7180135883119019
39,0.7952213427147464,COMPLETE,8,0.05063818215556749,697,0.9776160491129195,0.4474711128626871,5,1.408394050426291,4.197613247622629
40,0.771621225447083,COMPLETE,3,0.11662718298706024,735,0.637268410550163,0.24556457542761392,1,0.11380470128842951,0.7516498345964783
41,0.8131046613896218,COMPLETE,8,0.0856651045834713,667,0.6196920078071536,0.30614991440336453,3,0.005363255365028997,0.2905350253236465
42,0.810319554382879,COMPLETE,8,0.07177561994866641,637,0.617750788565427,0.2966023427725246,3,0.0088772168742345,0.35920907836199467
43,0.8088537085898564,COMPLETE,8,0.094514504489432,747,0.6369671093094386,0.34649167278784354,4,0.0016672232653635341,0.6152679922156924
44,0.802403987100557,COMPLETE,7,0.04149101435665231,665,0.6024760095228773,0.37021165546115054,2,0.014900061679388343,0.24718333763129685
45,0.8107593081207857,COMPLETE,8,0.06449177009914231,623,0.6570200914263726,0.2241064538651154,3,0.005868191001156811,0.8832379930601
46,0.8038698328935796,COMPLETE,7,0.0829380067947608,688,0.7207780690218157,0.29983119197839375,4,0.0075822370899646324,1.2682355936597962
47,0.7889182058047494,COMPLETE,8,0.11463662318343326,489,0.8866295055816562,0.19418576397746884,2,0.06455699323248312,3.489870376283712
48,0.7044854881266491,COMPLETE,2,0.05246393341914203,112,0.6936729091454792,0.12896509764175973,1,0.0015564103466920078,0.2122653111142977
49,0.8046027557900909,COMPLETE,7,0.07412429223652792,775,0.614852486468939,0.2717839839328864,3,0.014934903163512208,1.6126906360448037
