trial,value_macro_f1,state,max_depth,learning_rate,n_estimators,subsample,colsample_bytree,min_child_weight,reg_lambda,gamma
0,0.1765409564541221,COMPLETE,5,0.11387317092169064,522,0.8179532731987588,0.3965583595372333,7,0.0562793204741517,4.4588650039103985
1,0.1860670861648832,COMPLETE,8,0.036845938035010996,654,0.8115579679011617,0.49763119276575263,10,0.0019237305096546497,0.43564649850770354
2,0.14454117561474994,COMPLETE,2,0.16977763163336626,645,0.9480048592987277,0.7850328395629348,8,0.07013219779945795,3.902645881432277
3,0.17833114654007304,COMPLETE,2,0.088153780513692,200,0.9778675668198336,0.46529382522505025,5,0.011434638743472197,3.871168447171083
4,0.13139753639079102,COMPLETE,5,0.06912670683424535,113,0.8470541988303508,0.5284670059056951,7,5.956516018710568,3.409101495517417
5,0.19630057255057254,COMPLETE,4,0.04421291893432151,589,0.624090188651708,0.5667367008119675,7,0.0069427294924301495,0.6446314882742665
6,0.14989183055519759,COMPLETE,4,0.03445441737078129,499,0.7754406053849281,0.7918616866414584,2,0.006847105576684045,0.8065475894249813
7,0.13787930301088194,COMPLETE,6,0.023666956347875266,426,0.6977702368006411,0.21127870855186381,2,0.4220057397195018,0.690914756743069
8,0.17122105835341128,COMPLETE,3,0.035047075708368194,675,0.6388405103172244,0.6865614352491628,1,8.050778165087026,2.343256008238508
9,0.19504551722102845,COMPLETE,8,0.07824023983213262,618,0.6156751169017283,0.29796487380348674,2,0.015295398277813725,0.5936385947712203
10,0.07813468081935934,COMPLETE,6,0.012236506393402754,322,0.7274015140552499,0.6171146729306528,5,0.0016772937315510513,2.1822511728051692
11,0.21893581551713717,COMPLETE,8,0.2938591390403983,749,0.6128718750620257,0.26921818418010224,3,0.015197870140465081,1.5361505895446892
12,0.2150875314556717,COMPLETE,7,0.25466745577308275,764,0.6695933043155461,0.1069169413574019,4,0.3945605936875719,1.479154151390826
13,0.1954874145941169,COMPLETE,7,0.28053127132675126,788,0.6823258387200735,0.10683227268891707,4,0.44117154790189544,1.6184394608766715
14,0.23310835846950792,COMPLETE,7,0.29646447384814445,784,0.7437228051301643,0.11906254979813116,4,0.5072047792669215,1.5866594411227128
15,0.1578868584963547,COMPLETE,7,0.1687225392981067,743,0.8929549222633522,0.24359550112317543,3,1.4299032941129453,2.908915415632992
16,0.18717313093699803,COMPLETE,8,0.16718374128889552,362,0.7528314347154331,0.34983152281377483,4,0.034330647901128594,1.4771419232772236
17,0.14491273074713323,COMPLETE,6,0.23372240393400387,725,0.8764505148799895,0.186181413394218,1,0.2442983818742848,1.8863946503786018
18,0.22099865851044287,COMPLETE,7,0.13044332291286082,552,0.7254674349562664,0.286834683931065,3,2.1200842102671946,0.016268757442224002
19,0.22199029985025653,COMPLETE,7,0.11577990103511539,550,0.7268701589349386,0.16405476214838477,6,2.028695805681944,0.1031415257696956
20,0.18280901148125533,COMPLETE,6,0.1068778407962623,294,0.7779959811498833,0.1640997118719541,6,1.6719195656242556,2.7975310538244904
21,0.2097796874431007,COMPLETE,7,0.13134852364778835,551,0.7235315342571075,0.33128159169427074,6,1.7702028010554014,0.010900182935038583
22,0.20333258386144165,COMPLETE,7,0.059266275876735726,456,0.7419868447729041,0.16695821270112332,9,3.2489350096382976,0.04222365305674547
23,0.19990382317695354,COMPLETE,6,0.19304562570032852,403,0.7037876462057558,0.40219001751362476,3,0.8864328335775474,1.0210297594259683
24,0.22172747967118572,COMPLETE,7,0.13684993708978774,570,0.665616294317881,0.2376285145380805,5,3.728568225163316,1.2261926986966079
25,0.20054037165105276,COMPLETE,5,0.09360007364039767,686,0.6692674992361859,0.14023342707332936,5,3.9490306308080436,1.159215240614699
26,0.19050925925925927,COMPLETE,8,0.20823454473353367,484,0.6476789953370077,0.22689548899284617,6,0.8469638791447349,1.956838049168075
27,0.19976678136573095,COMPLETE,6,0.14474751745559203,564,0.7725451848800524,0.2102258445565005,8,0.14008176436039693,1.1557749146289886
28,0.07457940770834584,COMPLETE,7,0.010074664159290462,615,0.6497858920591773,0.10636196612759277,5,3.8170301603486507,0.33233193327076993
29,0.2126096393020168,COMPLETE,5,0.1324123479483064,498,0.8150542018380246,0.39043639306038225,8,0.7869116516062478,2.7099649040881917
30,0.17966649113450645,COMPLETE,5,0.10449082459937786,800,0.8455797169908662,0.33493535179783585,4,0.11561247921638361,1.001581729726776
31,0.1880809830717329,COMPLETE,7,0.12080494314794263,551,0.7153047367133536,0.27695850208441786,3,2.4035938699835437,0.12416261269113164
32,0.1850481087287233,COMPLETE,8,0.06433179793341383,527,0.7553159783655211,0.15396839888190883,6,8.083701983864792,0.564482940529839
33,0.20237443188859394,COMPLETE,7,0.20749039687526755,709,0.7946235081127575,0.2638248638875652,4,1.202457802563668,0.3100999880475743
34,0.19426959564817464,COMPLETE,8,0.04968683530592311,632,0.6954459137694933,0.1903803101030541,5,5.048697924142219,0.3482918152448271
35,0.16284866198936146,COMPLETE,6,0.08843702529334375,461,0.7383382924825699,0.3769015743271626,7,2.526804446848651,4.528997597319211
36,0.23747083813671793,COMPLETE,7,0.14254689375106258,238,0.6713140653216895,0.4304724697939446,10,0.25904570935814314,1.295193262339216
37,0.2305285882691114,COMPLETE,8,0.15944283443634238,197,0.6677286828263508,0.48594240870961486,10,0.18443096247183874,1.2697158096445196
38,0.2318499490794088,COMPLETE,4,0.1706852227568843,166,0.6885468933764747,0.4448100045313705,10,0.049781254817859326,1.8531806659968226
39,0.2263666804092433,COMPLETE,4,0.23002491182245183,161,0.6338665988679173,0.48400939205901145,10,0.04841939922399838,1.9442193644639052
40,0.23597652041636824,COMPLETE,3,0.16199939659858123,251,0.6871836111503704,0.4437767742668387,9,0.19161662792070924,2.4953129604552067
41,0.23338580639625703,COMPLETE,3,0.1671633368397412,252,0.6871339308688635,0.43148316056309177,9,0.07241806521203903,3.1871275932020584
42,0.22630113769484736,COMPLETE,3,0.19322874446760632,261,0.6957110609194821,0.4413393302089381,9,0.07241667955900566,3.3893221126230633
43,0.2589606135293285,COMPLETE,3,0.2958675696906097,112,0.6854625888312134,0.5436996808185655,9,0.04103789021611925,3.110801889659697
44,0.23627818776205872,COMPLETE,3,0.29226062663480007,104,0.6093668514417189,0.5442497671811872,9,0.024753999423777602,4.136448470146716
45,0.21256472508312382,COMPLETE,3,0.25633895360576997,103,0.6024330732187011,0.5466034716920456,9,0.02829566611211775,4.95350106871499
46,0.22510188064177772,COMPLETE,2,0.07626623878600788,245,0.6248454468391884,0.6248253858990798,9,0.004146820276831191,3.8189015184200272
47,0.08797003420988611,COMPLETE,2,0.027092206043677063,138,0.6019781458865601,0.5299779136433558,8,0.02066913361283858,3.4611199051846198
48,0.2003056646558059,COMPLETE,3,0.24345980650537696,224,0.6483253257931455,0.5926787148957446,9,0.07498383893973641,3.224149186166999
49,0.22732976263280197,COMPLETE,3,0.28938115419839244,307,0.6783530132491293,0.6898660294364372,10,0.2637867520874514,4.042240518883573
