trial,value_auc,value_accuracy,state,max_depth,learning_rate,n_estimators,subsample,colsample_bytree,min_child_weight,reg_lambda,gamma
0,0.8045215829787274,0.546,COMPLETE,5,0.11387317092169064,522,0.8179532731987588,0.3965583595372333,7,0.0562793204741517,4.4588650039103985
1,0.8157101070212825,0.5565,COMPLETE,8,0.036845938035010996,654,0.8115579679011617,0.49763119276575263,10,0.0019237305096546497,0.43564649850770354
2,0.803774795726281,0.5425,COMPLETE,2,0.16977763163336626,645,0.9480048592987277,0.7850328395629348,8,0.07013219779945795,3.902645881432277
3,0.784578656340682,0.5235,COMPLETE,2,0.088153780513692,200,0.9778675668198336,0.46529382522505025,5,0.011434638743472197,3.871168447171083
4,0.7956364809386431,0.5355,COMPLETE,5,0.06912670683424535,113,0.8470541988303508,0.5284670059056951,7,5.956516018710568,3.409101495517417
5,0.8162011339906724,0.5635,COMPLETE,4,0.04421291893432151,589,0.624090188651708,0.5667367008119675,7,0.0069427294924301495,0.6446314882742665
6,0.8116522168345649,0.5515,COMPLETE,4,0.03445441737078129,499,0.7754406053849281,0.7918616866414584,2,0.006847105576684045,0.8065475894249813
7,0.8062065364585175,0.54,COMPLETE,6,0.023666956347875266,426,0.6977702368006411,0.21127870855186381,2,0.4220057397195018,0.690914756743069
8,0.8122809309388233,0.551,COMPLETE,3,0.035047075708368194,675,0.6388405103172244,0.6865614352491628,1,8.050778165087026,2.343256008238508
9,0.8049306075837306,0.543,COMPLETE,8,0.07824023983213262,618,0.6156751169017283,0.29796487380348674,2,0.015295398277813725,0.5936385947712203
10,0.7936505830650878,0.5215,COMPLETE,6,0.012236506393402754,322,0.7274015140552499,0.6171146729306528,5,0.0016772937315510513,2.1822511728051692
11,0.8087253880244164,0.5505,COMPLETE,8,0.2938591390403983,766,0.9004456584730128,0.5385617696672611,10,0.0010725178878311676,0.0029287747147269116
12,0.818712215967273,0.558,COMPLETE,7,0.01875084678276848,763,0.7367627541968083,0.36764758584384016,10,0.003917494769287594,1.6145647552125018
13,0.8161587053635072,0.5565,COMPLETE,6,0.013407803642194504,788,0.6909873287326845,0.3273449015929826,9,0.44117154790189544,1.518426283090374
14,0.8073415550463636,0.5375,COMPLETE,4,0.022355815504802132,565,0.6016123571481703,0.17969810250312948,6,0.005001709045460458,1.4217657480237238
15,0.8045582331785673,0.5365,COMPLETE,7,0.01828478075233644,378,0.7442949655931953,0.39577999463717395,4,0.031071318720347574,1.7307809547876964
16,0.818006927193411,0.562,COMPLETE,4,0.04877583899061825,728,0.687764829245007,0.6124481368430611,8,0.2090793900078582,2.953764126370052
17,0.810081390783596,0.545,COMPLETE,7,0.05430388051737979,723,0.6773044891062929,0.10983386198444173,9,0.29721145529858894,3.0374032007022786
18,0.7968844364731867,0.531,COMPLETE,3,0.017759757254086513,715,0.7311664484332003,0.6643866744319322,9,1.2497470939363846,2.9706418370820447
19,0.808534013136201,0.541,COMPLETE,5,0.010943144824448123,794,0.6639767594582683,0.388602776769723,8,0.1597464723372179,1.9765783847181604
20,0.8008563707064207,0.537,COMPLETE,7,0.026335508965869274,309,0.7722757139784984,0.2814603252202159,10,1.7196033816915184,4.887299860739104
21,0.8172600846161369,0.563,COMPLETE,4,0.049431726395114506,555,0.6511207696148658,0.586387699067636,7,0.022922119097898656,1.2264042331203504
22,0.8152138878769892,0.553,COMPLETE,3,0.1270069456095445,707,0.6587767088872927,0.7151356426746102,8,0.028701406009044608,1.1938331560766466
23,0.8132408825837887,0.5625,COMPLETE,4,0.054883839880907115,520,0.7128588529346785,0.617786826978497,6,0.003439787113509923,2.6210717491056306
24,0.8142517078740658,0.5605,COMPLETE,5,0.05465639561705099,733,0.7654517400287508,0.5837421196376947,9,0.14164610336916858,2.613734132970575
25,0.8008092955065433,0.5305,COMPLETE,3,0.030035912128106426,453,0.6520577371869919,0.4428026700525745,8,0.020267546695594264,1.9699350152898985
26,0.8012275887109209,0.5385,COMPLETE,4,0.01832089708208992,612,0.8581475946164447,0.7348702466979573,4,0.03882734664390115,1.213920364287939
27,0.7989458681022475,0.541,COMPLETE,6,0.18724643607066474,671,0.6930568930921264,0.6265767820991269,7,1.145951573216308,3.169173215654288
28,0.817822913339238,0.557,COMPLETE,5,0.0466525206217803,563,0.7412644075561763,0.465165227048975,10,0.09093426715903352,1.7415856850938654
29,0.8049129409794396,0.55,COMPLETE,5,0.10149938466503138,484,0.791148798205188,0.35316559584876306,10,0.07559740909782449,3.5799868390853895
30,0.8111522021256362,0.5505,COMPLETE,5,0.06492365639189426,757,0.8455797169908662,0.45859408508876526,9,0.21198556202905872,2.789883536998956
31,0.8162574020510576,0.562,COMPLETE,4,0.04313937975149216,571,0.7537771328947157,0.4965182256311806,8,0.09441184471317632,1.0466931767195482
32,0.8143660813528463,0.558,COMPLETE,6,0.043142618516847434,532,0.7129440814064104,0.5228089865512119,10,0.04551335321205766,1.6954899722651626
33,0.8123106807046531,0.5635,COMPLETE,3,0.14042461468712353,688,0.8148902314809334,0.44793117193016746,6,0.0029138981669889364,0.21694687218468967
34,0.8155434634499428,0.564,COMPLETE,5,0.09650969615478097,639,0.6784015849549668,0.410544543076224,10,0.01157942848910471,2.2999196020781456
35,0.8144271012596421,0.558,COMPLETE,4,0.06149571701391722,401,0.7203584376386661,0.5802590764970289,7,0.06350959822711644,1.9070713124241092
36,0.8081307534581376,0.553,COMPLETE,2,0.07897327302238859,649,0.7920911983080251,0.4976318238196647,9,0.7174513556860377,4.332840819385895
37,0.8206888621677089,0.5555,COMPLETE,7,0.04698719790395783,560,0.644519695489629,0.6494367415707678,7,2.5725715440298917,0.9649442429917192
38,0.8182680733740519,0.558,COMPLETE,7,0.029730422522075334,477,0.6280303322757685,0.7333535976358847,8,2.931509454303679,0.9518905802128362
39,0.810232516222671,0.5395,COMPLETE,7,0.028620775064723124,275,0.6284414710772466,0.7504735607306126,8,3.5549365635973227,1.0551732846449555
40,0.8080903990321101,0.546,COMPLETE,8,0.015450898632431544,452,0.6412332241915359,0.6801215739773717,7,3.3199835866386045,0.9067015139300507
41,0.8154142770631526,0.5525,COMPLETE,7,0.034209547503121496,483,0.6109997896525813,0.650195665664764,8,3.194244109237911,0.4465461882174554
42,0.8197968425455077,0.555,COMPLETE,7,0.03792359175365704,594,0.6798735168223375,0.7684239687255784,9,5.784173236374694,1.5555248372858719
43,0.818636398250176,0.5585,COMPLETE,8,0.0390270037132245,610,0.6709050583757092,0.798803384140429,9,5.612391952105707,1.429614495705045
44,0.8183170748057099,0.546,COMPLETE,8,0.022458732888359118,605,0.6312321330728942,0.7752471958261664,9,7.009765385734936,1.5195850095577788
45,0.8136731148215235,0.5505,COMPLETE,8,0.02244573651355187,606,0.6748184594881949,0.7884085885625703,9,7.530577438196929,1.523886463339399
46,0.8069933953916971,0.5455,COMPLETE,8,0.03766680391719078,629,0.9795064249891394,0.7738713157285321,9,5.2642436242512956,1.3771500411965638
47,0.8146498354204313,0.5575,COMPLETE,8,0.025008303059571826,517,0.6010127461805072,0.7128609942342734,10,9.616768711473233,0.7180308009684703
48,0.78232365281456,0.506,COMPLETE,7,0.02056871229027658,112,0.7025108566207073,0.7670410642591752,9,5.038709371712801,2.091156830816526
49,0.8146696550104956,0.5525,COMPLETE,8,0.03486901230760697,582,0.6308569967263431,0.7053202716061089,4,1.7638881899945118,0.45444940079410323
